id;quantity;unit_price;amount;created_by;created_on;modified_by;modified_on;item_id
1;33636;96318;61304;secured line Human;2020-07-28T21:39:29;program Cambridgeshire;2020-07-28T23:50:34;1
2;70680;36626;36526;copying;2020-07-28T22:21:04;Planner utilize deposit;2020-07-28T17:30:48;2
3;6387;12006;77144;Home programming Missouri;2020-07-28T20:51:40;Technician;2020-07-28T19:19:47;3
4;56878;28008;81856;Credit Card Account Buckinghamshire;2020-07-28T21:08:09;relationships Loaf Glens;2020-07-29T05:32:14;4
5;66845;90101;13651;withdrawal Strategist Integration;2020-07-29T08:37:33;Group Cloned;2020-07-28T16:26:01;5
6;31365;95500;92583;Ergonomic Fresh Shoes transmitting context-sensitive;2020-07-29T12:34:02;Steel Intelligent Soft Mouse deploy;2020-07-29T07:02:18;6
7;92698;32169;78846;Unions National back-end;2020-07-28T20:50:27;Technician Mongolia Morocco;2020-07-28T19:33:33;7
8;53752;51726;87048;Internal Avon Licensed Cotton Car;2020-07-29T02:38:33;Home Loan Account Dale azure;2020-07-29T06:20:58;8
9;16835;38445;39167;Music primary;2020-07-29T04:27:03;capacitor discrete Money Market Account;2020-07-28T17:53:58;9
10;89784;74154;78627;world-class Well feed;2020-07-29T02:32:05;harness District panel;2020-07-29T07:02:26;10
