id;name;description;created_by;created_on;modified_by;modified_on
1;Supervisor convergence;../fake-data/blob/hipster.txt;customer loyalty azure;2020-07-29T03:02:29;Global;2020-07-29T09:31:58
2;knowledge user extend Lao People's Democratic Republic;../fake-data/blob/hipster.txt;De-engineered;2020-07-28T22:29:00;deposit silver;2020-07-29T05:48:05
3;Buckinghamshire New York;../fake-data/blob/hipster.txt;Guadeloupe navigate Sleek Concrete Pizza;2020-07-29T04:20:19;generate;2020-07-29T10:01:17
4;Generic UAE Dirham Towels;../fake-data/blob/hipster.txt;Avon;2020-07-29T12:59:58;withdrawal;2020-07-28T20:59:52
5;purple invoice;../fake-data/blob/hipster.txt;Stream;2020-07-29T13:04:59;program Agent;2020-07-29T04:01:49
6;intermediate;../fake-data/blob/hipster.txt;4th generation frictionless virtual;2020-07-29T03:24:53;SSL Vista Nuevo Sol;2020-07-28T15:33:05
7;models;../fake-data/blob/hipster.txt;calculate Triple-buffered;2020-07-29T13:38:37;Salad Keyboard;2020-07-28T14:51:01
8;invoice;../fake-data/blob/hipster.txt;Refined Fresh Chair New York;2020-07-29T00:41:22;Path ivory;2020-07-28T22:45:38
9;solution open-source repurpose;../fake-data/blob/hipster.txt;Pizza;2020-07-29T02:43:26;withdrawal primary;2020-07-29T07:32:06
10;Practical;../fake-data/blob/hipster.txt;grid-enabled;2020-07-29T03:51:30;Soft budgetary management expedite;2020-07-29T05:31:28
